timestamp,open,high,low,close,volume,RSI,stochrsi_k,stochrsi_d,macdA_macd,macdA_signal,macdA_hist,macdB_macd,macdB_signal,macdB_hist,EMA_5,EMA_10,EMA_20,EMA_50,EMA_200,ATR,Bollinger_upper,Bollinger_middle,Bollinger_lower,ADX
2025-10-01,114048.94,118649.1,113966.67,118594.99,20036.39516,63.04356820631584,78.40553272152044,59.847777161844135,390.50027943286113,-227.89820871274355,618.3984881456047,136.27072902159125,-186.21290671246908,322.48363573406033,114760.7349668516,113823.40711008414,113599.25335344192,113561.45054653223,104915.67145000001,2525.7578057910546,119421.42557927455,114238.81150000003,109056.1974207255,18.668764064225464
2025-10-02,118594.99,121022.07,118279.31,120529.35,19670.83503,66.4291448663107,88.66676805554225,75.68990113756136,1071.0336496040836,31.888162950621904,1039.1454866534618,668.9016835749935,-15.18998865497656,684.0916722299701,116683.60664456773,115042.66945370521,114259.26255787602,113834.70150549174,105071.03143557215,2541.2579625202657,120288.7469832493,114463.80800000003,108638.86901675077,20.34268093160628
2025-10-03,120529.35,123894.99,119248.3,122232.0,23936.328,69.11147684181343,100.0,89.02410025902088,1704.263914176685,366.36331319583456,1337.9006009808504,1214.406258412273,230.72926075847337,983.6769976537996,118533.07109637848,116349.82046212244,115018.57088569735,114164.00732880579,105241.78734168586,2691.6459651973896,121500.88789633254,114779.49350000003,108058.09910366751,22.506839795743904
2025-10-04,122232.21,122800.0,121510.0,122391.0,8208.16678,69.35769944344284,100.0,96.22225601851407,2117.6388152595464,716.6184136085769,1401.0204016509695,1640.6402556960384,512.7114597459864,1127.928795950052,119819.04739758566,117448.21674173654,115720.70699182141,114486.63449238203,105412.42627360938,2591.5283962547187,122632.91245836839,115135.64300000004,107638.37354163169,24.516415883871694
2025-10-05,122390.99,125708.42,122136.0,123482.31,22043.097553,71.0626998035428,100.0,99.99999999999999,2472.3981588413008,1067.7743626551216,1404.623796186179,2042.9435839873622,818.7578845942617,1224.1856993931005,121040.13493172378,118545.32460687535,116459.90727831461,114839.40608091607,105592.22611168292,2661.5920822365247,123877.25125848793,115542.27300000004,107207.29474151216,26.902764471740802
2025-10-06,123482.32,126199.63,123084.0,124658.54,19494.628793,72.81823507602022,100.0,99.99999999999999,2787.3092319634598,1411.6813365167893,1375.6278954466704,2428.687404341108,1140.743788543631,1287.9436157974772,122246.26995448252,119656.81831471619,117240.72944228465,115224.47015617427,105781.94067773582,2694.023362076773,125164.1309900265,115935.75200000005,106707.3730099736,29.197221145581608
2025-10-07,124658.54,125126.0,120574.94,121332.95,21633.99385,61.46453787044833,89.72302530311309,96.57434176770435,2566.6930792586936,1642.6836850651703,924.0093941935233,2437.941766107251,1400.183384056355,1037.7583820508962,121941.82996965501,119961.56953022233,117630.46473349564,115464.01838534391,105936.67708890264,2826.6688362141463,125703.56266976542,116180.02000000006,106656.4773302347,29.899765858981613
2025-10-08,121332.96,124197.25,121066.14,123306.0,17012.618,64.95568976253385,82.60612075855896,90.77638202055734,2570.020971728023,1828.1511423977408,741.8698293302823,2574.8038242874754,1635.107472102579,939.6963521848963,122396.55331310334,120569.64779745463,118170.99190173415,115771.54707611473,106109.50617259515,2848.4146336274216,126506.91555461152,116491.64350000008,106476.37144538864,30.55212880713876
2025-10-09,123306.01,123762.94,119651.47,121662.4,21559.36007,60.07330061253919,70.27461506937225,80.86792037701476,2326.242206725874,1927.7693552633675,398.47285146250647,2521.5760485108767,1812.4011873842387,709.174861126638,122151.83554206889,120768.33001609924,118503.50695871185,116002.56091626709,106264.26133505689,2938.632874082606,127047.00917239756,116793.14450000008,106539.2798276026,30.40351551372098
2025-10-10,121662.41,122550.0,102000.0,112774.5,64171.93927,41.78353666740045,50.52361582220484,67.80145055004535,1112.721277669436,1764.759739744581,-652.0384620751452,1742.1311979906168,1798.3471895055143,-56.215991514897496,119026.05702804592,119314.90637680846,117957.88724835834,115875.97029209975,106329.03982923542,4196.587668790991,127041.8930268411,116647.58800000008,106253.28297315905,30.833491464355337
2025-10-11,112774.49,113322.39,109561.59,110644.4,35448.51652,38.73939437134055,24.307187033425638,48.36847264166757,9.59146800894814,1413.7260853974544,-1404.1346173885063,941.6791789449344,1627.0135873933982,-685.3344084484638,116232.17135203061,117738.45067193419,117261.3646532766,115670.81067280172,106371.97873640721,4165.459978163063,127125.11318735138,116418.19350000008,105711.27381264878,31.232754847087243
2025-10-12,110644.4,115770.0,109565.06,114958.8,32255.30272,47.13968976663084,11.521890254756059,28.784231036795507,-273.9252267688862,1076.1958229641864,-1350.1210497330726,647.9816805023584,1431.2072060151902,-783.2255255128318,115807.71423468707,117233.05964067343,117042.07278153597,115642.88868563302,106457.41974400515,4311.137122579988,127124.73458702011,116533.58400000006,105942.43341298001,30.87139347950157
2025-10-13,114958.81,115963.81,113616.5,115166.0,22557.24033,47.51193390781292,16.797162674026936,17.542079987402875,-440.1509607691405,772.926466217521,-1213.0774269866615,427.0211711185548,1230.3699990358632,-803.3488279173084,115593.80948979138,116857.23061509644,116863.39918329444,115624.18716854937,106544.0722838658,4170.863756681417,127100.27543268458,116691.94400000006,106283.61256731555,30.478471672873585
2025-10-14,115166.0,115409.96,109866.0,113028.14,31870.32974,44.06401956022871,22.00530657288613,16.77478650055637,-781.7445309231698,461.9922667893828,-1243.7367977125527,78.49608631792944,999.9952164922764,-921.499130174347,114738.58632652758,116161.03232144254,116498.13640393307,115522.38139723371,106608.5903705935,4268.942059775602,127105.16304712792,116678.00100000008,106250.83895287223,30.7379794381412
2025-10-15,113028.13,113612.35,110164.0,110763.28,22986.48811,40.69472728394488,15.701333834555918,18.167934360489657,-1250.256763846366,119.542460662233,-1369.799224508599,-376.1320124440099,724.7697707050191,-1100.9017831490291,113413.48421768505,115179.62280845299,115951.95960355848,115335.74996989121,106649.93056591098,4210.328341220202,126958.78757123834,116766.44050000006,106574.09342876177,30.978950934461125
2025-10-16,110763.28,111982.45,107427.0,108194.28,29857.17252,37.21840700548122,7.120702026006035,14.942447477816025,-1828.740362809418,-270.1141040320972,-1558.6262587773208,-932.9701865458919,393.22177925483686,-1326.1919658007287,111673.7494784567,113909.56047964335,115213.13297464815,115055.69232401313,106665.2972269467,4234.979888275901,127106.08765009047,116693.98150000004,106281.8753499096,31.62717493925573
2025-10-17,108194.27,109240.0,103528.23,106431.68,37920.66838,35.008713037403744,1.9125581271468377,8.244864662569594,-2379.3700025169674,-691.9652837290712,-1687.4047187878962,-1499.2135401978303,14.73471536430344,-1513.9482555621337,109926.3929856378,112549.94584698092,114376.80411991975,114717.49576228713,106662.97267742484,4340.464896256194,127461.20681530998,116533.77300000004,105606.3391846901,32.74951427935601
2025-10-18,106431.68,107499.0,106322.2,107185.01,11123.18766,36.73748218098142,1.5241038503581248,3.5191213345036627,-2617.5990126230026,-1077.0920295078574,-1540.5069831151452,-1865.671739894402,-361.3465756874377,-1504.3251642069642,109012.59865709186,111574.50296571165,113691.87134659405,114422.10416376607,106668.16707864449,4114.488832237895,127809.65635313433,116284.82600000003,104759.99564686573,33.791686523734846
2025-10-19,107185.0,109450.07,106103.36,108642.78,15480.66423,40.06014290319586,5.9775057038496655,3.1380558937848733,-2555.6940316438995,-1372.812429935066,-1182.8816017088336,-2015.232303874407,-692.1237213248316,-1323.1085825495754,108889.32577139458,111041.46242649136,113211.00550406128,114195.46400048112,106687.81496840922,4059.6474870780453,127976.42658282653,116001.36700000001,104026.30741717349,34.06595353446667
2025-10-20,108642.77,111705.56,107402.52,110532.09,19193.4416,44.15398082175852,16.156905857544754,7.886171803917512,-2239.8686366054026,-1546.2236712691333,-693.6449653362693,-1958.7295855809643,-945.4448941760581,-1013.2846914049062,109436.91384759638,110948.84925803839,112955.87069415068,114051.80227497205,106726.06646126087,4077.03266657247,128011.5237899702,115825.525,103639.52621002978,33.57532536395025
2025-10-21,110532.09,114000.0,107473.72,108297.67,37228.01659,40.62047202416527,20.879129795429765,14.337847118941392,-2214.4837057984114,-1679.875678174989,-534.6080276234225,-2070.3836999028426,-1170.432655321415,-899.9510445814276,109057.1658983976,110466.81666566778,112512.232532803,113826.15002889471,106741.70430741747,4251.978904674436,127850.11478644844,115310.65899999999,102771.20321355153,32.42301335676915
2025-10-22,108297.66,109163.88,106666.69,107567.44,28610.78451,39.50772141821982,22.40894811572527,19.814994589566595,-2223.391686825722,-1788.5788799051356,-434.81280692058635,-2192.519844173221,-1374.8500930917762,-817.6697510814447,108560.59059893173,109939.65727191001,112041.29991063128,113580.71041991845,106749.92058296555,4126.636840054834,127394.5068417493,114662.56349999997,101930.62015825065,31.51946654227759
2025-10-23,107567.45,111293.61,107500.0,110078.18,17573.09294,45.07857127916509,39.07558586466704,27.45455459194069,-1895.6806197130936,-1809.9992278667273,-85.6813918463663,-2062.9376227990288,-1512.4675990332266,-550.4700237658021,109066.45373262114,109964.84322247183,111854.33610961877,113443.35628580401,106783.03759209027,4102.849208622346,126439.10717482322,114054.87249999998,101670.63782517675,30.045105897706637
2025-10-24,110078.19,112104.98,109700.01,111004.89,15005.16913,47.018012179889524,64.8458060975493,42.110113359313864,-1519.3402370250406,-1751.86742969839,232.52719267334942,-1863.9782456791,-1582.7697283624013,-281.2085173166986,109712.59915508077,110153.94263656785,111773.43648013128,113347.73015694895,106825.04607376101,3981.5721222921784,125319.2100477929,113485.567,101651.92395220709,28.44187886287375
2025-10-25,111004.9,111943.19,110672.86,111646.27,6407.96864,48.376751979942384,92.19591925709558,65.37243707310397,-1150.375275240076,-1631.5689988067272,481.1937235666512,-1635.6922579563106,-1593.3542342811832,-42.33802367512749,110357.15610338718,110425.27488446461,111761.32538678544,113281.00622922546,106873.01845113652,3787.91197069988,123817.30920154027,112893.76499999998,101970.2207984597,26.953168044814642
2025-10-26,111646.27,115466.8,111260.45,114559.4,13454.47737,54.13062186179112,98.68321468779207,85.24164668081232,-543.2029491852882,-1413.8957888824393,870.6928396971512,-1205.808908510182,-1515.845169126983,310.036260616801,111757.90406892479,111176.93399638013,112027.80868328206,113331.13931827544,106949.49985958292,3817.8004013641744,121937.46096605326,112388.80799999999,102840.15503394672,25.4813154035302
2025-10-27,114559.41,116400.0,113830.01,114107.65,21450.23241,53.14145148482847,98.27567706751624,96.38493700413464,-160.2115151428443,-1163.1589341345202,1002.9474189916759,-891.3013394739392,-1390.9364031963742,499.635063722435,112541.15271261653,111709.79145158375,112225.88880868377,113361.59071755875,107020.72523411443,3728.6710869810195,120701.99238922301,112027.54299999998,103353.09361077694,24.353086029710237
2025-10-28,114107.65,116086.0,112211.0,112898.45,15523.42257,50.48224880869023,91.91582898852828,96.29157358127888,-25.827029505031533,-935.6925532086225,909.865523703591,-731.1953940526582,-1258.988201367631,527.7928073149728,112660.25180841102,111925.91118765943,112289.94225547579,113343.42833647801,107079.21005765558,3739.123152196661,118498.15102255135,111507.16549999997,104516.1799774486,22.816165281781362
2025-10-29,112898.44,113643.73,109200.0,110021.29,21079.71376,44.744889775462745,75.55461008072035,88.58203871225497,-251.96597697753168,-798.9472379624043,546.9812609848726,-826.940589018297,-1172.5786788977643,345.6380898794673,111780.59787227401,111579.6164262668,112073.88013590667,113213.14840171416,107108.48448494259,3789.4522127540417,116153.35366364992,110925.10999999999,105696.86633635005,21.8004636411344
2025-10-30,110021.3,111592.0,106304.34,108322.88,25988.82838,41.72991266958113,55.66200256604677,74.37748054509846,-590.7997930825222,-757.3177489864279,166.51795590390566,-1028.0165042874723,-1143.666243975706,115.6497396882337,110628.02524818268,110987.48253058192,111716.64202772509,113021.3731702744,107120.56802240585,3896.4670547001815,115975.72860938538,110702.52899999998,105429.32939061458,21.531413351260966
2025-10-31,108322.87,111190.0,108275.28,109608.01,21518.20439,44.762834173221805,44.068818854949065,58.42847716723873,-667.6753994493774,-739.3892790790178,71.71387962964036,-1071.3218338654406,-1129.197361953653,57.87552808821238,110288.02016545512,110736.6693432034,111515.8199298465,112887.51579104795,107145.31868884957,3826.34226507874,115945.50049212169,110650.70949999997,105355.91850787825,21.281580939235635
2025-11-01,109608.01,110564.49,109394.81,110098.1,7378.50431,45.91887893338992,41.71112728830468,47.14731623643351,-649.8837100375822,-721.4881652707306,71.60445523314843,-1053.946216482189,-1114.1471328593602,60.200916377171325,110224.71344363675,110620.56582625733,111380.79898414684,112778.12693649705,107174.69959741824,3636.5806747159736,115321.7048525713,110407.6745,105493.64414742868,21.049593699497827
2025-11-02,110098.1,111250.01,109471.34,110540.68,12107.00087,46.99767367471876,47.068291727576245,44.28274595694334,-572.3612158754113,-691.6627753916667,119.30155951625545,-993.016530880137,-1089.9210124635156,96.90448158337858,110330.03562909116,110606.04113057417,111300.78765232333,112690.38391937951,107208.19193973248,3503.8727693791184,114581.96910391716,110176.40849999999,105770.84789608282,20.584410541772474
2025-11-03,110540.69,110750.0,105306.56,106583.04,28681.18779,39.424344966111164,31.687990184328584,40.15580306673652,-944.3708195194486,-742.2043842172232,-202.1664353022254,-1249.672343802973,-1121.871278731407,-127.80106507156597,109081.03708606077,109874.58637956069,110851.47835210206,112450.88023626659,107201.9715224217,3642.413285852039,114320.64608596038,109854.15349999999,105387.66091403959,21.143563548355893
2025-11-04,106583.05,107299.0,98944.36,101497.22,50534.87376,32.235566039250344,17.073567325447556,31.943283079117474,-1743.3359573592898,-942.4306988456365,-800.9052585136533,-1842.2211163914908,-1265.9412462634239,-576.2798701280669,106553.09805737385,108351.4288560042,109960.59660428281,112021.32493288358,107145.2078256812,3979.000908291179,115126.12055879214,109390.85049999999,103655.58044120783,22.74065555551187
2025-11-05,101497.23,104534.74,98966.8,103885.16,33778.77571,37.956103272146144,8.709024355788676,19.15686062185495,-1987.3349179063662,-1151.4115426577823,-835.9233752485839,-2094.9838172355812,-1431.7497604578552,-663.234056777726,105663.78537158256,107539.37997309434,109381.98359435111,111702.25964139795,107112.7695388585,4092.496557698952,115378.92630693127,109175.39449999998,102971.86269306869,24.223669562156708
2025-11-06,103885.16,104200.0,100300.95,101346.04,25814.62139,34.61040914351372,12.324518075027482,12.702369918754584,-2389.0800037683803,-1398.9452348799018,-990.1347688884784,-2471.693696048067,-1639.7385475758977,-831.9551484721694,104224.53691438837,106413.31815980446,108616.65563298434,111296.13338095097,107055.38914543702,4078.6789464347416,115919.63620599358,108921.11249999997,101922.58879400637,25.600753996898337
2025-11-07,101346.04,104096.36,99260.86,103339.08,32059.50942,39.14480804455656,22.843242882590676,14.625595104468957,-2386.3911741478514,-1596.4344227334918,-789.9567514143596,-2579.680368097179,-1827.726911680154,-751.9534564170249,103929.38460959225,105854.36576711274,108114.02938222393,110984.09207189406,107018.4109449849,4132.737593117975,116108.54697584304,108728.81599999996,101349.08502415688,27.045998894928864
2025-11-08,103339.09,103406.22,101454.0,102312.94,12390.77985,37.695451170789035,22.446422547945733,19.204727835187978,-2439.624546900377,-1765.072447566869,-674.5520993335081,-2716.744565650224,-2005.530442474168,-711.2141231760561,103390.56973972816,105210.47017309224,107561.54467915499,110644.04689260409,106971.59033856714,3976.9863364666912,116304.78705422902,108412.32399999998,100519.86094577094,28.38801201452864
2025-11-09,102312.95,105495.62,101400.0,104722.96,16338.97096,43.03054368134615,36.0429521609198,27.11087253048542,-2148.4102232008736,-1841.7400026936698,-306.6702205072038,-2600.91868549207,-2124.608091077748,-476.3105944143217,103834.69982648545,105121.83195980274,107291.20328114023,110411.84740661962,106949.21590733762,3985.460169576213,116107.92490742882,108121.86749999998,100135.81009257113,28.720551912731917
2025-11-10,104722.95,106670.11,104265.02,106011.13,22682.25673,45.70666581022723,50.13344891469287,36.20760787451948,-1750.899697601184,-1823.5719416751726,72.67224407398862,-2377.7718143084203,-2175.240835723883,-202.53097858453748,104560.1765509903,105283.52251256588,107169.29154007926,110239.27025341886,106939.88171920492,3872.576586035055,116045.55589672652,108007.54049999997,99969.52510327342,28.550220197827343
2025-11-11,106011.13,107500.0,102476.09,103058.99,24196.50718,40.958201437152994,61.51724768957507,49.2312162550626,-1760.8610700853314,-1811.0297673572045,50.16869727187304,-2411.3428774630156,-2222.461244071709,-188.88163339130642,104059.78103399354,104879.06205573572,106777.8342505479,109957.69063563773,106901.26588120288,3954.814687032551,116104.69710891628,107782.11799999999,99459.53889108369,28.79396211541712
2025-11-12,103059.0,105333.33,100813.59,101654.37,20457.63906,38.88807591339495,59.32681440493517,56.99250366973438,-1880.338782664854,-1824.8915704187343,-55.44721224611976,-2522.2147602483747,-2282.4119473070423,-239.80281294133238,103257.9773559957,104292.75440923832,106289.88527430524,109632.0702185539,106849.05796198694,3995.1664951016546,116021.82792915494,107360.92749999999,98700.02707084504,29.365420551058623
2025-11-13,101654.37,104085.01,98000.4,99692.02,36198.50771,36.13989691128996,43.5337026847592,54.792588259756485,-2134.551428826875,-1886.8235421003624,-247.72788672651268,-2736.8777480688295,-2373.3051074593996,-363.57264060943,102069.32490399713,103456.25724392226,105661.51715294283,109242.26432763021,106777.84365390746,4144.412459737251,115896.82902685084,106795.28399999999,97693.73897314913,30.41337602994674
2025-11-14,99692.03,99866.02,94012.45,94594.0,47288.14481,30.17405217213072,23.837699888733273,42.23273899280922,-2824.045074844398,-2074.2678486491695,-749.7772261952286,-3280.5511687478865,-2554.754319717097,-725.7968490307894,99577.54993599809,101844.9377450273,104607.46790028161,108667.82258929177,106656.6113787442,4266.495141184591,116189.53226200138,105942.67049999998,95695.80873799858,31.98162675366321
2025-11-15,94594.0,96846.68,94558.49,95596.24,15110.89391,32.53201868675822,13.488045893027925,26.953149488840136,-3119.6425319714617,-2283.342785313628,-836.2997466578336,-3589.170160234353,-2761.6374878205484,-827.5326724138044,98250.44662399872,100708.81088229506,103749.25571930241,108155.21150735876,106546.55793218953,4125.187631099977,115385.00242881142,104994.5125,94604.02257118857,33.437859568542784
2025-11-16,95596.23,96635.11,93005.55,94261.44,23889.4051,31.02915400501562,6.507003548788245,14.610916443516485,-3395.289106479773,-2505.732049546857,-889.5570569329161,-3896.5432144162332,-2988.6186331396852,-907.924581276548,96920.77774933248,99536.56163096869,102845.65422222599,107610.35772275645,106424.31795276476,4089.7856574499783,114511.88679481467,104002.202,93492.51720518534,35.00442719538894
2025-11-17,94261.45,96043.0,91220.0,92215.14,39218.59806,28.83030272113813,6.507003548788245,8.834017663534809,-3729.391945486015,-2750.464028734689,-978.9279167513264,-4256.195114821792,-3242.1339294761065,-1014.0611853456858,95352.23183288833,98205.39406170165,101833.2242962997,107006.62369441307,106282.93309751336,4142.158110489266,113836.97397261714,102968.0365,92099.09902738286,36.68979445903789
2025-11-18,92215.14,93836.01,89253.78,92960.83,39835.14769,30.75597304451031,5.638553499220012,6.217520198932171,-3785.4384281203093,-2957.458908611813,-827.9795195084962,-4429.984779073187,-3479.7040993955225,-950.2806796776649,94555.09788859222,97251.83695957408,100988.23436331877,106455.80825541647,106150.37485773712,4173.591816882889,113308.8675382312,102115.0135,90921.1594617688,38.48850365480854
2025-11-19,92960.83,92980.22,88608.0,91554.96,32286.6376,29.154345101819644,4.443518018223926,5.529691688744065,-3886.9267759138893,-3143.352482072228,-743.5742938416611,-4627.809789195249,-3709.325237355468,-918.4845518397815,93555.05192572816,96216.04114874243,100089.82728109794,105871.46126500798,106005.14684920241,4187.7795442483975,112984.99746932782,101276.61750000001,89568.2375306722,40.232798265961854
2025-11-20,91554.96,93160.0,86100.0,86637.23,39733.19073,24.373043591179606,4.443518018223926,4.8418631785559585,-4407.532503378243,-3396.1884863334312,-1011.3440170448116,-5122.359870753047,-3991.9321640349835,-1130.4277067180637,91249.11128381877,94474.43912169835,98808.627540041,105117.17768598806,105812.43125866308,4392.938148230654,112808.35875105519,100128.0785,87447.79824894482,42.12307052211397
2025-11-21,86637.22,87498.94,80600.0,85129.43,72256.12679,23.1210171014809,0.6400320159245236,3.1756893507907957,-4826.1628210479685,-3682.1833532763385,-1143.97946777163,-5571.733753788329,-4307.892481985653,-1263.8412718026757,89209.21752254585,92775.34655411683,97505.84682194186,104333.34444340029,105606.6302511142,4571.938280499894,112283.6290365784,98879.64499999999,85475.66096342159,44.340574293828254
2025-11-22,85129.42,85620.0,83500.0,84739.74,14193.93263,22.79510125003324,4.736951571734001e-15,1.6945166780494887,-5039.720625336951,-3953.690807688461,-1086.0298176484903,-5891.398149285626,-4624.593615445648,-1266.804533839978,87719.39168169723,91314.32718064103,96290.02712461406,103564.96779856106,105398.9995023469,4396.799831892758,111220.49445737092,97589.598,83958.70154262907,46.39968493899153
2025-11-23,84739.75,88127.64,84667.57,86830.0,19734.46418,28.60826079639478,8.45738772529629,3.0324732470736095,-4830.676869651885,-4129.088020081146,-701.5888495707386,-5907.964634085089,-4881.267819173536,-1026.6968149115528,87422.92778779815,90498.99496597903,95389.0721603651,102908.69455155867,105214.23333814443,4329.890558186132,110345.19533783854,96601.946,82858.69666216146,47.1591883861805
2025-11-24,86830.0,89228.0,85272.0,88300.01,24663.12795,32.45980056329582,26.194263063564517,11.550550262953607,-4403.542375112782,-4183.978891087473,-219.56348402530875,-5736.351086459763,-5052.284472630781,-684.0666138289816,87715.28852519876,90099.17951761921,94713.92338318747,102335.80496130147,105045.93260841165,4303.184089744265,109946.61782374312,95942.0855,81937.55317625689,47.391383727009035
2025-11-25,88300.01,88519.99,86116.0,87369.96,19567.0411,31.308932915892047,43.828938740278566,26.160196509713128,-4102.848962218763,-4167.752905313731,64.90394309496878,-5610.716528218152,-5163.970883748256,-446.74564446989643,87600.17901679917,89602.957787143,94014.49829907439,101748.90908046612,104870.05228394984,4167.527369048247,109097.64117168842,95116.3255,81135.0098283116,47.60699368634982
2025-11-26,87369.97,90656.08,86306.77,90484.02,21675.82239,39.09531320431412,68.70488434831562,46.2426953840529,-3447.650578928602,-4023.7324400367056,576.0818611081036,-5199.930062037776,-5171.16271940616,-28.767342631615975,88561.45934453278,89763.15091675337,93678.26227059112,101307.14872436941,104726.90768410955,4180.511842687658,108387.24402457608,94573.2245,80759.20497542391,46.875538713682104
2025-11-27,90484.01,91950.0,90089.91,91333.95,16833.50932,41.0590940554677,84.30134234338072,65.61172181065831,-2815.1100774211227,-3782.007967513589,966.8978900924662,-4751.029667599723,-5087.136109044873,336.10644144514936,89485.62289635518,90048.75075007093,93454.99443529673,100916.0428920412,104593.64442357115,4014.767425352825,107243.85490668789,93972.968,80702.0810933121,45.670992808219054
2025-11-28,91333.94,93092.0,90180.63,90890.7,18830.86012,40.32878330219888,98.66712103782784,83.8911159098414,-2357.5392349611066,-3497.1142210030926,1139.574986041986,-4380.543265489003,-4945.817540333699,565.2742748446963,89953.98193090345,90201.83243187622,93210.77591764941,100522.89219039252,104457.29671786398,3935.9533235419085,106161.19815532002,93401.856,80642.51384467998,44.10278191733431
2025-11-29,90890.71,91165.65,90155.47,90802.44,7429.88291,40.17554758698589,97.05457392049486,93.34101243390116,-1992.7897825205873,-3196.2493333065913,1203.459550786004,-4047.3961041146395,-4766.133253089887,718.7371489752477,90236.80128726897,90311.03380789873,92981.410592159,100141.69798684772,104321.42749679071,3726.969514717486,104392.61386119465,92705.82999999999,81019.04613880532,42.6528393630412
2025-11-30,90802.44,92000.01,90336.9,90360.0,9687.74175,39.368008650947566,93.96819986830887,96.56329827554389,-1740.5726355858787,-2905.113993762449,1164.5413581765702,-3775.553557691819,-4568.017314010273,792.4637563184542,90277.86752484598,90319.93675191714,92731.75244052481,99758.1019873635,104182.50782020573,3579.5509779519516,101914.55571877939,91923.27349999998,81931.99128122057,40.95829501748868
2025-12-01,90360.01,90417.0,83822.76,86286.01,34509.01227,32.825261721439915,80.27363763923942,90.43213714268109,-1975.8887405301357,-2719.268943115986,743.3802025858504,-3844.535909552098,-4423.321033118638,578.7851235665403,88947.24834989732,89586.49552429584,92117.87220809388,99229.7846545257,104004.43321502955,3794.885908098241,99948.44440760731,91084.62449999999,82220.80459239267,40.82498137455746
2025-12-02,86286.01,92307.65,86184.39,91277.88,28210.22732,44.90726613945531,81.8861847565724,85.37600742137359,-1535.1368194908573,-2482.4425183909602,947.3056989001029,-3456.55768483234,-4229.968363461378,773.4106786290386,89724.12556659822,89894.01997442386,92037.87295018017,98917.94525630902,103877.80084473075,3961.1983432340808,97992.3842389359,90565.79999999997,83139.21576106404,39.9845780349343
2025-12-03,91277.88,94150.0,90990.23,93429.95,25712.52585,49.15321099512444,84.9725588087584,82.37746040152342,-953.3959402663895,-2176.633202766046,1223.2372624996565,-2941.5200707660697,-3972.2787049223166,1030.758634156247,90959.40037773215,90536.91634271044,92170.45171682967,98702.7297560616,103773.8421298578,3903.9534615745038,96557.06887145662,90252.69649999998,83948.32412854333,38.55552571767114
2025-12-04,93429.95,94080.0,90889.0,92078.06,19803.94059,46.71748129644187,96.91969603506162,87.92614653346415,-677.8740746231488,-1876.8813771374666,1199.0073025143179,-2612.3220532410196,-3700.287374586057,1087.9653213450374,91332.2869184881,90817.12428039945,92161.65250570304,98442.93878523566,103657.46618826718,3853.028214319182,96174.9420447208,90126.89949999997,84078.85695527915,37.252249587574624
2025-12-05,92078.06,92692.36,88056.0,89330.04,19792.97218,42.14562175157724,88.05766797700856,89.98330760694289,-775.9877459161362,-1656.7026508932006,880.7149049770644,-2543.8485973084025,-3468.9996191305263,925.1510218221238,90664.87127899207,90546.74532032682,91891.97512420751,98085.5702054225,103514.90473365756,3908.9804847249547,95320.89609305578,89813.58949999997,84306.28290694417,36.67439413947233
2025-12-06,89330.04,90289.97,88908.01,89236.79,8409.50016,41.995435842793995,76.44447335887635,87.1406124569822,-835.0203397504083,-1492.366188664642,657.3458489142338,-2468.65032160838,-3268.929759626097,800.279438017717,90188.8441859947,90308.57162572195,91639.10035047347,97738.55921697455,103372.83394028783,3728.4790215303155,94679.76059481701,89562.35699999999,84444.95340518297,36.137814080520194
2025-12-07,89236.8,91760.0,87719.28,90395.31,13021.11185,44.635111281750206,71.08491087976863,78.52901740521787,-726.4907666049548,-1339.1911042527047,612.7003376477498,-2289.183976582921,-3072.980603017462,783.7966264345409,90257.66612399647,90324.34223922704,91520.64412661885,97450.58865944613,103243.70434884218,3750.7819485638647,94459.9537122082,89471.36549999999,84482.77728779177,35.061440824261034
2025-12-08,90395.32,92287.15,89612.0,90634.34,15793.63887,45.18933738333728,72.54237374296069,73.35725266053525,-606.9610427857406,-1192.7450919593118,585.7840491735712,-2103.420954393936,-2879.0686732927566,775.6477188988206,90383.22408266431,90380.70546845849,91436.234209798,97183.28479044825,103118.2380369134,3673.9510950950166,94116.04049925906,89355.041,84594.04150074093,33.857626017308554
2025-12-09,90634.35,94588.99,89500.0,92678.8,21240.43014,49.816593831128245,84.15556836109289,75.9276176612741,-282.17429439749685,-1010.6309324469488,728.456638049452,-1770.8186896658735,-2657.41867656738,886.5999869015063,91148.41605510954,90798.54083782967,91554.57380886485,97006.63832807772,103014.36303157099,3775.0253025882303,94299.58979192899,89411.233,84522.876208071,31.89547774985658
2025-12-10,92678.81,94476.0,91563.15,92015.37,18998.68083,48.38899465812514,89.79479276054205,82.16424495486524,-124.37754750197928,-833.380255457955,709.0027079559757,-1542.9757906377345,-2434.530099381451,891.5543087437163,91437.40070340635,91019.78250367883,91598.45916040153,96810.90231521193,102904.92031483894,3713.4413524033566,94519.98251817776,89680.13999999998,84840.29748182221,30.073482930079745
2025-12-11,92015.38,93555.0,89260.63,92513.38,19972.58758,49.55756784507407,96.69120477003766,90.21385529722421,43.12199473446526,-658.0798054194709,701.2018001539361,-1307.1553336711077,-2209.0551462393823,901.8998125682747,91796.06046893758,91291.34568482813,91685.59447845853,96642.37202834088,102801.521903746,3754.9362558031166,94559.6042219834,90049.3375,85539.07077801658,29.07669390901903
2025-12-12,92513.38,92754.0,89480.0,90268.42,16679.19169,44.64975588850738,86.55498176475061,91.01365976511012,-91.58059321896872,-544.7799629793705,453.19936976040174,-1286.5844875158073,-2024.5610144946672,737.97652697886,91286.84697929172,91105.35919667757,91550.6254805101,96392.41312526868,102676.81442211669,3720.5836661028943,94121.56880543612,90325.7715,86529.97419456388,28.151104103748366
2025-12-13,90268.43,90634.55,89766.39,90240.01,5895.70788,44.58957500310915,79.10133887105111,87.4491751352798,-185.60372579864634,-472.94471554322564,287.3409897445793,-1258.0721210121847,-1871.2632357981706,613.191114785986,90937.90131952781,90948.02297909983,91425.80495855676,96151.14241447383,102553.06512438419,3516.839118524116,93938.5362014949,90496.272,87054.00779850509,27.291627855997035
2025-12-14,90240.0,90472.4,87577.36,88172.17,9416.94004,40.32883048762728,60.99654422660094,75.55095495413424,-475.78456496982835,-473.5126854285462,-2.2718795412821464,-1386.3522655348497,-1774.2810417455064,387.9287762106567,90015.99087968521,90443.32243744531,91115.93496250374,95838.24153547485,102409.97164055947,3472.4248957723935,93948.86772316413,90489.87999999999,87030.89227683585,27.15182716499971
2025-12-15,88172.16,90052.64,85146.64,86432.08,19778.6919,37.114876581104205,37.79943389855466,59.29910566540226,-857.9989830395352,-550.409944950744,-307.5890380887912,-1609.8683643428085,-1741.3985062649667,131.53014192215824,88821.35391979014,89714.00563063707,90669.85353750338,95469.37245565231,102250.987644136,3574.823117502937,94090.19971553197,90442.986,86795.77228446804,27.64134679215668
2025-12-16,86432.08,88175.98,85266.0,87863.42,18456.05017,41.261571811727734,25.60262856036554,41.466202228507065,-942.0230502719351,-628.7325660149822,-313.2904842569528,-1652.4607680887275,-1723.6109586297189,71.15019054099139,88502.04261319342,89377.53551597579,90402.57415297926,95171.09981033261,102107.82776707991,3527.3343233955843,94128.23531826412,90311.95599999999,86495.67668173586,28.09590073165958
2025-12-17,87863.43,90365.85,85314.0,86243.22,19834.11729,38.19161198712743,13.707938157304065,25.703333538741443,-1156.8761572406947,-734.3612842601248,-422.51487298057,-1796.2461468857946,-1738.137996280934,-58.10815060486061,87749.10174212894,88807.65996761655,90006.44518602885,94820.98687659408,101949.97097337763,3636.2283002959,94229.5725048667,90057.41949999999,85885.26649513328,27.482263518195424
2025-12-18,86243.23,89477.61,84450.01,85516.41,25405.41763,36.86649057511437,13.707938157304065,17.672834958324575,-1357.6084001514246,-859.0107074383848,-498.5976927130398,-1946.4076129303867,-1779.7919196108246,-166.61569331956207,87004.8711614193,88209.25088259536,89578.82278735944,94456.1015088845,101786.45295374203,3735.6119931319076,94382.53923116882,89788.70499999999,85194.87076883116,27.16518061508463
2025-12-19,85516.41,89399.97,85110.24,88136.94,21256.65004,44.362166748683876,22.11943102771902,16.511769114109068,-1171.695052036579,-921.5475763580237,-250.14747567855534,-1832.8290736441704,-1790.3993504174937,-42.42972322667674,87382.2274409462,88196.1034493962,89441.50061713473,94208.29125363413,101650.63690445106,3775.1918507653427,94278.45907561199,89655.43,85032.400924388,26.870746490767463
2025-12-20,88136.95,88573.07,87795.76,88360.9,5123.13194,44.96357188280104,40.135477874832354,25.320949019951836,-989.3471804501169,-935.1074971764423,-54.239683273674586,-1705.0903425949364,-1773.3375488529823,68.24720625804594,87708.45162729746,88226.06645859689,89338.58627264571,93978.9817927073,101518.40071634707,3561.0574328535336,94199.64463870322,89555.47499999999,84911.30536129676,26.597343375330095
2025-12-21,88360.91,89081.77,87600.04,88658.86,7132.87258,45.80292548274125,63.137700922685674,41.79753660841237,-805.744524033551,-909.2349025478641,103.49037851431308,-1561.8100223415968,-1731.032043550705,169.22202120910833,88025.25441819831,88304.75619339745,89273.85043715565,93770.3495655423,101390.44508732868,3412.5340447925673,94093.94904387453,89674.1175,85254.28595612546,26.06828411754336
2025-12-22,88658.87,90588.23,87900.0,88620.79,14673.2197,45.7070103510994,66.59930421605709,56.624161004525064,-663.1444276459515,-860.0168075674816,196.87237992153007,-1434.7918794383586,-1671.784010728236,236.9921312898773,88223.76627879887,88362.216885507,89211.65420504559,93568.40605316809,101263.38384267865,3360.798041593098,93919.82424048944,89541.26299999999,85162.70175951054,24.804060836225204
2025-12-23,88620.79,88940.0,86601.9,87486.0,13910.32904,42.82802618974287,61.415638379277794,63.717547839340206,-674.2705479793221,-822.8675556498497,148.59700767052755,-1409.4498942071805,-1619.3171874240247,209.86729321684425,87977.8441858659,88202.90472450573,89047.30618551745,93329.88032559287,101126.29544623409,3287.7481814793055,93323.15081459284,89244.0655,85164.98018540716,24.13871889698695
2025-12-24,87486.0,88049.89,86420.0,87669.45,9140.8432,43.44816662342413,55.70030098687852,61.238414527404494,-644.9306917164795,-787.2801828631757,142.3494911466962,-1358.8987673826778,-1567.2335034157554,208.33473603307766,87875.04612391061,88105.91295641378,88916.08178689674,93107.9026657657,100992.39648657007,3169.329739945069,92939.5201377155,89023.63499999998,85107.74986228446,23.590865510393595
2025-12-25,87669.44,88592.74,86934.72,87225.27,7096.58235,42.25310190057732,53.037281881005505,56.717740415720634,-658.0754653689219,-761.439239364325,103.36377399540311,-1339.2403202423156,-1521.6348667810676,182.3945465387519,87658.45408260707,87945.79605524764,88755.05209290658,92877.21118867684,100855.41015337037,3061.3790442347067,92908.12109877676,88918.39649999999,84928.67190122322,22.783385112487633
2025-12-26,87225.27,89567.75,86655.08,87369.56,18344.61505,42.803467887376556,59.52441756750293,56.08733347846234,-634.8822109713801,-736.127833685736,101.24562271435593,-1297.066091625311,-1476.7211117499162,179.65502012460524,87562.15605507138,87841.02586338444,88623.10046501072,92661.22486755226,100721.22258965524,3050.7569696465134,92867.62586625614,88825.03499999999,84782.44413374383,21.512643516709655
2025-12-27,87369.56,87984.0,87253.05,87877.01,4469.55156,44.79613218396236,71.81547766936784,61.45905903929211,-546.7879311169963,-698.2598531719881,151.47192205499175,-1208.7618829752319,-1423.1292659949793,214.36738301974742,87667.10737004758,87847.56843367817,88552.04423024779,92473.60859823647,100593.41947931041,2885.0564718146193,92694.8327184071,88699.11999999998,84703.40728159287,20.332669177772964
2025-12-28,87877.0,88088.75,87435.0,87952.71,4446.29285,45.1033860143068,82.44717492221332,71.26235671969472,-463.97119612836104,-651.4021217632627,187.43092563490166,-1119.763863286702,-1362.4561854533238,242.6923221666218,87762.30824669839,87866.68508210032,88494.964779748,92296.31845712916,100467.64127553618,2725.677438113575,92470.95952088713,88565.03849999998,84659.11747911283,19.17677347412735
2025-12-29,87952.71,90406.08,86806.5,87237.13,19894.98575,42.68487109774082,82.00480317530815,78.75581858896312,-474.7679917873611,-616.0752957680824,141.30730398072126,-1094.3585331798822,-1308.8366549986354,214.47812181875315,87587.24883113227,87752.22052171844,88375.17099120058,92097.91890979077,100335.99439717263,2788.0990496768914,91746.67223779083,88292.95499999999,84839.23776220914,18.704956649913488
2025-12-30,87237.13,89400.0,86845.66,88485.49,13105.91001,47.93041003980324,85.76019075132253,83.40405628294802,-331.8031099766231,-559.2208586097905,227.41774863316743,-962.3984764502675,-1239.5490192889617,277.15054283869426,87886.66255408818,87885.54224504236,88385.6775634672,91956.25503097544,100218.0789305341,2771.40197469997,91123.07063366992,88116.46099999998,85109.85136633004,18.266841027429184
2025-12-31,88485.5,89200.0,87250.0,87648.22,11558.62047,44.95845272474507,79.41560533052483,82.39353308571852,-317.80052230558067,-510.93679134894853,193.13626904336786,-914.8342328421568,-1174.6060619996008,259.771829157444,87807.18170272546,87842.39274594375,88315.44350980365,91787.31248074111,100093.00570734471,2712.7304050785438,90104.85580886764,87873.20299999996,85641.5501911323,17.860019377979473
2026-01-01,87648.21,88919.45,87550.43,88839.04,6279.57133,49.732472568244425,91.04609861347558,85.40729823177433,-167.95946114274557,-442.34132530770796,274.3818641649624,-772.1491504387523,-1094.1146796874311,321.9655292486789,88151.13446848364,88023.60133759034,88365.3098422033,91671.69395208459,99981.02594906268,2616.7510904300766,89801.48356286585,87801.73399999997,85801.98443713409,17.482256417776167
2026-01-02,88839.05,90961.81,88379.88,89995.13,17396.97301,53.91186302620389,91.04609861347558,87.16926751915868,68.23595055360056,-340.22587013544626,408.4618206890468,-559.335719490904,-987.1588876481258,427.82316815722174,88765.79964565576,88382.0610943921,88520.53080961252,91605.94634612049,99881.66380031579,2614.2638696850704,89731.5399180419,87789.48999999996,85847.44008195802,18.12999856897283
2026-01-03,89995.14,90741.16,89314.01,90628.01,7057.46716,56.06537247830031,100.0,94.03073240898374,300.16670553987205,-212.1473550003826,512.3140605402547,-335.74119986520964,-856.8753500915425,521.1341502263328,89386.53643043718,88790.41544086627,88721.24311345894,91567.59590117459,99789.58764309871,2529.470021850423,90213.0203042618,87912.28199999998,85611.54369573816,18.731473423655448
2026-01-04,90628.01,91810.0,90628.0,91529.73,10426.5297,59.00456568612004,100.0,97.01536620449188,553.2934816898924,-59.05918766232759,612.3526693522199,-84.80211810870969,-702.4607036949759,617.6585855862662,90100.93428695812,89288.47263343605,88988.71805503427,91566.11096387362,99707.40000485892,2433.2221631468215,90852.77854595965,88167.16449999997,85481.55045404029,19.754090929775835
2026-01-05,91529.74,94789.08,91514.81,93859.71,20673.59584,65.43852898812933,100.0,100.00000000000001,973.5198088629986,147.45661164273764,826.0631972202609,298.6363319068769,-502.24129657460537,800.8776284814822,91353.85952463874,90119.60670008404,89452.62204979292,91656.05602411387,99649.21403466132,2493.297008636335,92116.0241594731,88466.97899999996,84817.93384052682,21.707063007770607
2026-01-06,93859.71,94444.44,91262.94,93747.97,18546.41829,64.91237634886873,99.24355841095966,99.74785280365325,1227.5935706403689,363.4840034422639,864.109567198105,586.7340767121786,-284.4462219172486,871.1802986294272,92151.89634975916,90779.30911825057,89861.7028069555,91738.09186630549,99590.49518854529,2542.4543651623108,93006.47756538117,88842.21649999997,84677.95543461877,23.32358013800254
2026-01-07,93747.97,93747.97,90675.52,91364.16,14276.49025,54.79108789497836,83.93589546540271,94.39315129212082,1108.070774569409,512.4013576676929,595.6694169017161,615.6037733349804,-104.43622286680278,720.0399962017832,91889.31756650611,90885.64564220501,90004.79396819783,91723.42787154841,99508.64110706723,2580.3111962221456,93141.96603110965,89134.60399999996,85127.24196889027,24.36104702857113
2026-01-08,91364.16,91687.99,89311.0,91099.99,16132.79117,53.79014895941043,66.8714157162084,83.35028986419029,968.7257359383948,603.6662333218333,365.05950261656153,610.1336635855114,38.47775442366006,571.6559091618514,91626.20837767074,90924.61734362229,90109.09835217899,91698.97932756612,99424.97293684765,2565.78825363485,93350.26624550349,89282.75649999997,85215.24675449646,24.328842391484407
2026-01-09,91100.0,92082.55,89694.66,90641.28,15590.27939,52.01329623724492,47.96034887567672,66.25588668576263,797.5014935283543,642.4332853631374,155.0682081652169,562.3026241682819,143.24272837258445,419.05989579569746,91297.89891844716,90873.10146296369,90159.78231863813,91657.50092256353,99337.57300712778,2553.081235518075,93482.33391214059,89396.77549999997,85311.21708785936,24.46483971431665
2026-01-10,90641.27,90832.0,90404.0,90504.7,3104.11722,51.46814030169311,42.80186852574547,52.54454437254355,644.25728905898,642.7980861023059,1.459202956674062,507.52488531811105,216.09915976168978,291.4257255564213,91033.49927896477,90806.11937878847,90192.63162162497,91612.29304324731,99249.68372347477,2401.2897186953555,93587.1538544419,89489.06749999998,85390.98114555805,24.591122942660878
2026-01-11,90504.7,91283.89,90236.0,91013.65,5477.13594,53.427043043071265,42.269930733459695,44.34404937829398,578.9530911774491,630.0290871173345,-51.07599593988539,499.4240940785967,272.76414662507113,226.65994745352555,91026.88285264318,90843.85221900875,90270.82384813688,91588.8168454729,99167.73313916159,2304.618310217116,93738.0134890222,89608.71049999996,85479.40751097772,24.91369844454481
2026-01-12,91013.66,92519.95,90128.44,91296.2,16188.08268,54.524452635489375,44.173709164700064,43.08183614130176,550.9038163167133,614.2040329572103,-63.300216640496956,509.92547878748155,320.19641305755323,189.72906572992832,91116.65523509544,90926.09727009806,90368.47871974288,91577.3416750622,99089.40942633411,2310.824859487321,93870.37649355973,89799.22049999997,85728.0645064402,25.73461498784338
2026-01-13,91296.2,96495.0,91042.66,95414.0,23021.51482,66.8017907940205,64.63985246018828,50.36116411944936,975.4424950224493,686.4517253702581,288.99076965219115,840.8274129179481,424.32261302963224,416.50479988831586,92549.10349006363,91742.0795846257,90849.00455595784,91727.79886427545,99052.83818826113,2535.21879809537,94809.48767829314,90186.44799999996,85563.40832170678,27.69089761242943
2026-01-14,95413.99,97924.49,94559.28,96951.78,22851.89428,70.05332640079635,82.23627000166836,63.683277208852246,1415.7301619048812,832.3074126771828,583.4227492276984,1213.1708950666798,582.0922694370418,631.078625629638,94016.66232670909,92689.29784196647,91430.22126491425,91932.66086959798,99031.93213663663,2594.503883945701,95947.87295724012,90672.77349999997,85397.67404275981,29.816815226456903
2026-01-15,96951.78,97193.34,95134.48,95604.8,21725.81369,64.12848837299187,89.37354730408937,78.74988992198202,1535.505828838286,972.9470959094035,562.5587329288826,1383.6162911083666,742.3970737713067,641.2192173370598,94546.0415511394,93219.38914342712,91827.80019206528,92076.66632569217,98997.83131935667,2556.243606521008,96546.33151406188,91084.53549999997,85622.73948593806,31.790881582339555
2026-01-16,95604.81,95871.47,94293.46,95550.94,11167.7146,63.89578118974036,78.32972423227717,83.31318051267833,1574.4155287221656,1093.240782471956,481.17474625020964,1497.0919000742579,893.3360390318969,603.755861042361,94881.0077007596,93643.30748098582,92182.3849356781,92212.91235213562,98963.53389329342,2486.369777483793,97051.6389838832,91468.23199999996,85884.82501611672,32.95696685574014
2026-01-17,95550.94,95639.45,95021.67,95147.77,4280.80137,62.079782559878105,64.02882924634538,77.24403359423734,1517.6449378092366,1178.121613539412,339.52332426982457,1536.774705958378,1022.0237724171932,514.7509335411848,94969.92846717307,93916.84612080659,92464.80256085162,92328.00480891461,98925.56609336016,2352.8990790920934,97386.11109211357,91827.98499999996,86269.85890788634,34.03976032389783
2026-01-18,95147.77,95531.12,93615.4,93673.14,6895.17819,55.8296687820918,49.144538165180656,63.83436388126776,1277.0756419235258,1197.9124192162349,79.16322270729097,1432.7178193324653,1104.1625818002476,328.5552375322177,94537.66564478204,93872.53591702358,92579.88231696098,92380.75520856502,98873.30314715757,2321.672002014087,97340.57280803176,92149.78549999997,86958.99819196817,33.95398586238937
2026-01-19,93673.14,93673.14,91910.2,92631.0,14295.52747,51.856231412216026,27.551086058890366,46.908151156805495,963.4300634859246,1151.0159480701727,-187.5858845842481,1251.7308247471083,1133.6762303896198,118.05459435748844,93902.1104298547,93646.80211392838,92584.7506677266,92390.56872979777,98811.19067803162,2281.7625732987954,97269.62871173375,92357.06099999996,87444.49328826617,32.748043134952276
2026-01-20,92630.99,92870.0,87895.98,88427.66,22007.3261,39.61092959897658,8.518647711488834,28.404757311853313,255.76250151706336,971.9652587595508,-716.2027572424875,760.3579848326772,1059.0125812782312,-298.65459644555403,92077.29361990314,92697.86718412323,92188.83727080026,92235.1605443155,98707.87196481737,2474.0666752060247,97168.94070771108,92396.03299999997,87623.12529228885,31.123891572415015
2026-01-21,88427.66,90574.0,87263.53,89454.73,20617.50372,43.14386795469195,4.564499021560363,13.544744263979881,-125.685380869254,752.4351308337898,-878.1205117030438,448.64572581331595,936.9392101852482,-488.2934843719322,91203.10574660209,92108.205877919,91928.44610215261,92126.12405238155,98615.80090049084,2533.809769834166,97114.74562143313,92426.81749999996,87738.88937856679,29.858505989688886
2026-01-22,89454.73,90359.99,88515.37,89559.67,10825.50492,43.507526673111265,8.135074994495746,7.072740575848342,-374.63909262104426,527.020286142823,-901.6593787638673,207.68522970625781,791.0884140894501,-583.4031843831923,90655.29383106806,91644.83571829736,91702.84837813808,92025.47879542541,98525.69014526208,2484.5819291317266,97141.73743446691,92405.04449999996,87668.35156553301,28.683505091443198
2026-01-23,89559.68,91224.99,88578.36,89600.26,13918.48919,43.65763832867399,12.566076004963165,8.421883340339784,-532.9948910513776,315.0172507039829,-848.0121417553605,19.769681705496623,636.8246676126594,-617.0549859071627,90303.6158873787,91273.09467860693,91502.60186593446,91930.37217599696,98436.87989506047,2496.156791336604,97187.65018889186,92353.65699999996,87519.66381110807,27.134594809564078
2026-01-24,89600.26,89957.39,89162.08,89225.34,4226.56737,42.53340055811491,11.89763608705177,10.866262362170254,-670.9728531501023,117.81922993316584,-788.7920830832682,-157.5910431578377,477.9415254585599,-635.5325686163976,89944.19059158581,90900.77564613294,91285.7197834645,91824.29248282062,98345.22278167678,2374.6677348125604,97252.0081166127,92238.43749999997,87224.86688338724,25.69632097639061
2026-01-25,89225.34,89319.13,86074.72,86670.36,14426.22019,35.772810857211475,7.6310019588855384,10.698238016966853,-1033.6844602022902,-112.48150809392538,-921.2029521083648,-498.5690350803052,282.63941335078687,-781.208448431092,88852.91372772388,90131.60916501786,90846.16170884884,91622.17748349432,98229.05499280438,2436.792182325949,97382.96993630895,91878.96999999997,86374.970063691,25.620273939204168
2026-01-26,86670.36,88860.0,86509.63,88347.08,17766.51453,42.259092492653,9.507064433888695,9.678567493275361,-1072.6227450728911,-304.50975548971854,-768.1129895831725,-626.2798944488459,100.85555179086032,-727.1354462397062,88684.30248514925,89807.14931683279,90608.15392705372,91493.74228806316,98130.72688342324,2430.6191693026663,97247.94459602861,91608.92549999998,85969.90640397136,25.549658833245328
2026-01-27,88347.08,89523.16,87304.33,89250.0,13125.40425,45.453686703260324,15.720453465696508,10.952839952823608,-972.7340841174446,-438.1546212152638,-534.5794629021808,-647.17336096894,-48.75023076109974,-598.4231302078402,88872.86832343283,89705.84944104501,90478.80593400098,91405.75239441363,98042.36144179714,2415.491371495333,97235.12499342914,91503.21749999998,85771.31000657083,25.08258082445663
2026-01-28,89249.99,90600.0,88833.65,89299.99,14332.18502,45.63303025631377,27.311570616297626,17.513029505294302,-874.1026868120098,-525.344234334613,-348.75845247739676,-652.1798847556929,-169.43616156001838,-482.74372319567453,89015.2422156219,89632.05681540046,90366.5377498104,91323.17347698564,97955.37267123199,2369.1241306742386,97223.61226397536,91413.21749999998,85602.82273602461,24.027426351808423
2026-01-29,89300.0,89348.0,83383.33,84650.16,30431.38201,34.32729971033857,21.004507130827047,21.345510404273753,-1300.9780741857248,-680.4710023048353,-620.5070718808895,-1019.5967351896834,-339.4682762859514,-680.128458903732,87560.2148104146,88726.25739441856,89822.12082125703,91061.4866739666,97822.98249539884,2625.948835626078,97627.52087625145,91113.66149999997,84599.8021237485,24.87303635927441
2026-01-30,84650.16,84735.75,81118.0,84260.49,35195.84793,33.576541886953706,11.591117150601102,19.96906496590862,-1607.2755500444473,-865.8319118527577,-741.4436381916896,-1326.924390256885,-536.9594990801381,-789.964891176747,86460.3065402764,87914.29968634246,89292.44169542303,90794.78092204634,97688.03232131527,2696.7917759385014,97968.00438976295,90801.45099999997,83634.89761023699,26.17640930625956
2026-01-31,84260.5,84270.02,75719.9,78741.09,39491.89133,25.177171337360978,-1.6579330501069005e-14,10.865208093809406,-2392.617618538279,-1171.189053189862,-1221.4285653484171,-1992.8805372154457,-828.1437067071997,-1164.736830508246,83887.23436018427,86246.44337973474,88287.55105776369,90322.08716039747,97499.50553204845,3114.8866490857517,99072.34808610979,90187.82299999999,81303.29791389019,28.300691990348202
2026-02-01,78741.1,79424.0,75700.0,76968.21,25395.48168,23.172021405800024,-1.6579330501069005e-14,3.8637057168670506,-3073.479848150353,-1551.6472121819602,-1521.8326359683929,-2633.3564866876404,-1189.1862627032879,-1444.1702239843526,81580.89290678952,84559.4918561466,87209.5185760719,89798.40570312698,97295.21403421712,3158.3947455796265,100034.93649002566,89471.42349999999,78907.91050997432,30.276050018858825
2026-02-02,76968.22,79360.0,74604.0,78738.61,42273.59016,29.23306035217349,8.994904587340503,2.9983015291135175,-3271.599911878453,-1895.6377521212587,-1375.9621597571943,-2963.9156324372307,-1544.1321366500765,-1419.7834957871542,80633.46527119301,83501.14970048358,86402.76537835077,89364.68822457298,97110.571208006,3272.509406609653,99808.28220110839,88637.654,77467.0257988916,32.26844868775912
2026-02-03,78738.6,79186.81,72945.5,75770.21,39120.10889,25.588036791729717,12.580400089062564,7.191768225467712,-3657.6137852737156,-2248.03295875175,-1409.5808265219657,-3425.9193434098415,-1920.4895780020295,-1505.429765407812,79012.38018079534,82095.52430039566,85390.14105660308,88831.57143145247,96898.22930543878,3484.5665918518207,99393.21176696148,87578.57549999999,75763.9392330385,34.34475460534342
2026-02-04,75770.21,76971.52,71888.0,73165.83,38375.36,22.891163534986113,12.580400089062564,11.385234921821905,-4123.551678355041,-2623.1367026724083,-1500.4149756826328,-3956.603056070322,-2327.712273615688,-1628.890782454634,77063.53012053022,80471.94351850553,84225.92095597422,88217.22863021903,96662.08602876775,3598.777549576691,99232.07012337794,86456.627,73681.18387662205,36.40923597403479
2026-02-05,73165.84,73341.18,62345.0,62909.86,106298.82899,15.820042290541958,3.5854955017220447,9.582098559949085,-5483.417711143236,-3195.192904366574,-2288.2248067766623,-5145.431457088416,-2891.2561103102335,-2254.1753467781828,72345.64008035348,77278.8374242318,82195.8199125481,87224.78280158299,96326.24298370538,4127.163438892641,100537.82496784726,84824.573,69111.32103215274,39.17800303987299
2026-02-06,62909.87,71751.33,60000.0,70580.26,92539.21531,32.59119761591058,18.75150895601106,11.639134848931917,-5435.912308845116,-3643.3367852622823,-1792.5755235828337,-5406.328563788207,-3394.270601005828,-2012.057962782379,71757.18005356898,76060.91425618964,81089.57611135305,86572.05641720719,96070.06404854413,4671.746764686024,99724.96289718068,83596.1975,67467.43210281931,41.88922914774236
2026-02-07,70580.26,71690.07,67300.0,69289.38,44255.48036,31.455397272358855,36.23310120675291,19.5233685548287,-5412.280121852702,-3997.125452580366,-1415.154669272336,-5652.10072927906,-3845.8366266604744,-1806.2641026185856,70934.58003571266,74829.72620960971,79965.7479102718,85894.30440084613,95803.5895803994,4651.62699577988,98954.6886827418,82377.0095,65799.3303172582,44.406796247906776
2026-02-08,69289.37,72271.41,68888.0,70330.38,21420.53168,33.46900664759427,55.966071701933316,36.98356062156579,-5146.638606849243,-4227.028083434141,-919.6105234151019,-5697.203129828529,-4216.1099272940855,-1481.0932025344437,70733.18002380844,74011.66326240795,79048.09382357926,85283.95442434236,95550.12480845513,4561.040067509889,97930.56160683025,81261.9785,64593.39539316975,46.46328765438885
2026-02-09,70330.38,71453.53,68308.0,70138.0,29152.72842,33.27446752643651,56.73002275945047,49.64306522271226,-4857.283272850575,-4353.079121317428,-504.2041515331466,-5682.960929349298,-4509.480127705128,-1173.4808016441693,70534.78668253896,73307.36085106105,78199.51345942885,84689.99542730933,95297.26784518693,4459.9322055448965,97346.78158565544,80347.49549999999,63348.20941434454,48.41754399952514
2026-02-10,70138.0,70527.59,67800.0,68841.29,20373.77072,31.927382332269527,57.25774025453746,56.65127823864044,-4681.381109274938,-4418.73951890893,-262.64159036600813,-5710.480676217718,-4749.680237407646,-960.8004388100717,69970.2877883593,72495.34796904995,77308.2540823404,84068.47756741486,95034.0242845383,4336.193476577404,96481.22845006072,79316.8235,62152.41854993928,50.27246463222672
2026-02-11,68841.28,69292.88,65756.0,67082.52,28718.24602,30.14480918523155,63.325039296443,59.10426743681034,-4639.598968796112,-4462.911408886366,-176.6875599097457,-5807.265769334364,-4961.19734379299,-846.0684255413744,69007.69852557287,71511.1974292227,76334.37464592703,83402.36158437897,94755.89986379663,4279.099656821875,95470.61138674038,78192.966,60915.320613259624,52.150999047911846
2026-02-12,67082.52,68410.52,65118.0,66272.17,24271.74283,29.33220868771787,69.1752513922729,63.252676981084484,-4586.193440346644,-4487.567815178421,-98.62562516822254,-5881.558183949019,-5145.269511824195,-736.2886721248233,68095.85568371524,70558.64698754584,75376.06944155303,82730.58936538373,94472.47966614692,4208.629681334599,94215.8266516494,77026.5615,59837.29634835059,53.94201138709304
2026-02-13,66272.17,69482.97,65872.46,68853.96,20244.54955,35.31496512344192,84.49927497977738,72.33318855616447,-4149.166199928572,-4419.887492128451,270.7212921998798,-5666.783429770207,-5249.572295413398,-417.21113435680854,68348.55712247684,70248.70389890115,74754.91616140513,82186.4078216432,94217.56902270266,4165.906846953556,92588.61820893554,76007.9925,59427.36679106444,54.996847334402375
2026-02-14,68853.97,70560.01,68730.13,69822.95,18114.78393,37.45516493051266,92.03233877602479,81.90228838269172,-3636.9098065548897,-4263.291955013739,626.3821484588498,-5356.6355348463985,-5270.984943299998,-85.65059154640039,68840.02141498456,70171.29409910094,74285.20509841417,81701.5663384415,93974.83649511359,3999.0477864568725,91196.60857809578,75165.62199999999,59134.6354219042,55.381042848532424
2026-02-15,69822.94,70983.0,68000.0,68832.58,22290.05208,36.13906086408601,97.97227238885598,91.50129538155274,-3302.998107270483,-4071.2331854650884,768.2350781946052,-5131.6017649220885,-5243.108307624416,111.50654270232735,68837.54094332304,69927.89153562803,73765.90746999378,81196.90020752222,93724.66478869454,3926.472944567096,89238.34179533317,74189.89699999998,59141.452204666806,55.83631516785609
2026-02-16,68832.59,70126.67,67294.11,68892.43,15515.76534,36.284765431303796,96.1690324770924,95.39121454732441,-2983.940065610397,-3853.77456149415,869.8344958837529,-4892.039104554919,-5172.894467010517,280.85536245559797,68855.83729554868,69739.62580187748,73301.76675856579,80714.37196408998,93477.5778753742,3848.336305669446,86683.59409443896,73172.01849999998,59660.442905560994,56.35461027363259
2026-02-17,68892.43,69241.5,66621.06,67503.52,16489.06921,34.32739362830458,91.35006079193458,95.16378855262768,-2844.0025290155027,-3651.8201549984205,807.8176259829179,-4759.394067463218,-5090.194387101057,330.8003196378395,68405.06486369912,69333.06111062704,72749.55278155953,80196.29933804723,93219.1295383058,3760.629426693057,83580.71212646314,72082.19499999998,60583.677873536806,56.927275923069125
2026-02-18,67503.52,68476.22,65870.0,66461.0,15492.43839,32.89306608120631,86.34894164430877,91.28934497111193,-2792.8688610235986,-3480.0298962034562,687.1610351798577,-4684.395772676682,-5009.034664216182,324.63889153950004,67757.04324246608,68810.86818142212,72150.64299283957,79657.66014831989,92952.87949314853,3678.1716105006963,81352.92651149046,71172.737,60992.547488509525,57.5608184100688
2026-02-19,66461.0,67320.0,65631.83,67003.73,14542.26988,34.429106788868154,75.73446050642917,84.47782098089085,-2628.254131028618,-3309.6747431684885,681.4206121398706,-4528.958296445911,-4913.019390662128,384.0610942162166,67505.93882831073,68482.29760298174,71660.46080304532,79161.42759348382,92694.67900067939,3536.0286383220746,78669.11959693943,70309.89899999999,61950.678403060556,58.18202696244042
2026-02-20,67003.73,68318.39,66280.2,68020.01,35351.87091,37.32220560872528,80.00782080818901,80.69707431964234,-2336.631252735082,-3115.0660450818073,778.4347923467253,-4274.493968385388,-4785.31430620678,510.82033782139206,67677.29588554049,68398.24531153051,71313.75120275529,78724.50925648445,92449.15990614527,3429.0401641562125,77227.62762464082,69773.84499999999,62320.06237535915,58.07791131728525
2026-02-21,68020.0,68698.7,67534.69,67975.93,8032.84131,37.245445032432194,86.17606176527795,80.63944769329873,-2082.218614588055,-2908.4965589830567,826.2779443950017,-4029.9315008919802,-4634.237745143821,604.3062442518403,67776.84059036033,68321.46070943405,70995.86346915955,78302.99634446546,92205.64518071098,3267.2522952879112,76035.78719347848,69324.23099999999,62612.6748065215,57.72395835629151
2026-02-22,67975.93,68245.0,67190.0,67643.4,8175.13484,36.63334634618426,95.22137109778977,87.13508455708559,-1891.8633681015199,-2705.1699208067494,813.3065527052295,-3818.924194441104,-4471.175035003277,652.2508405621729,67732.36039357354,68198.1769440824,70676.5812340015,77884.97295840799,91961.24473115167,3109.234274195918,73932.1134149972,68769.47049999997,63606.82758500273,57.468750062982956
2026-02-23,67643.39,67684.86,63888.79,64656.02,33075.90923,31.607764197462856,71.77161036020432,84.38968107442402,-2045.4781762564671,-2573.231571896693,527.7533956402258,-3848.3940917295404,-4346.61884634853,498.2247546189892,66706.9135957157,67554.14840879469,70103.19444981088,77366.19048945082,91689.55095273226,3158.2939688962097,72572.6202507702,68213.76099999997,63854.90174922974,57.836091809773954
2026-02-24,64656.01,65026.75,62510.28,64058.15,23102.83622,30.70004854832161,44.91194544483367,70.63497563427593,-2167.605372604172,-2492.1063320381886,324.50095943401675,-3875.3200330041873,-4252.359083679661,377.03905067547385,65823.9923971438,66918.51233446838,69527.47593078128,76844.30654868804,91414.61163976975,3112.4493996893375,71847.31068724842,67758.37699999996,63669.443312751515,58.381827873669025
2026-02-25,64058.15,69988.83,63913.27,67988.04,30749.99259,42.40790163745776,48.284357161965055,54.989304322334355,-1761.8634250765608,-2346.057750645863,584.1943255693022,-3538.757166105366,-4109.638700164802,570.8815340594356,66545.34159809587,67112.97191001958,69380.86298499258,76497.00197815125,91181.51142444866,3324.1001568543847,71443.0913247663,68012.28599999996,64581.48067523363,56.181748737399026
2026-02-26,67988.04,68860.0,66500.0,67485.18,20737.77792,41.44307847260712,69.5327890952953,54.24303056736468,-1493.7210064136016,-2175.5904017994108,681.8693953858092,-3274.854781314498,-3942.681916394741,667.8271350802434,66858.62106539724,67180.64610819783,69200.32174832662,76143.59719469435,90945.7270321656,3255.2358599362146,71084.1866187182,67857.53199999996,64630.877381281716,54.1388181108626
2026-02-27,67485.19,68216.8,64914.46,65872.1,21228.58424,38.42320965575269,85.90827567083038,67.90847397603024,-1450.687704463562,-2030.609862332241,579.9221578686788,-3159.452117659952,-3786.035956647783,626.5838389878313,66529.78071026482,66942.72863398005,68883.34824848599,75740.7933831377,90696.23820597489,3258.600441369342,70953.60422662078,67686.66799999998,64419.73177337917,52.6464673742415
2026-02-28,65872.09,67760.0,63030.0,66973.26,22548.71649,41.554110036605124,83.47745254623639,79.63950577078735,-1262.7657252274075,-1877.0410349112742,614.2753096838667,-2945.189949638181,-3617.866755245863,672.6768056076817,66677.60714017655,66948.27979143822,68701.43508196351,75396.96854458329,90460.18867158708,3363.7004098429607,70562.51325488162,67518.81199999998,64475.11074511834,51.69468465798455
2026-03-01,66973.26,68199.99,65056.0,65776.47,23201.85859,39.22004731243353,77.14827860560912,82.17800227422528,-1234.641622910378,-1748.5611525110949,513.9195296007169,-2839.2277387990325,-3462.138951956497,622.9112131574643,66377.22809345103,66735.22346572219,68422.86697891937,75019.69409185453,90214.57953057626,3348.0068091398925,70183.27081854898,67300.73549999998,64418.200181450986,50.58824023660417
2026-03-02,65776.48,70096.0,65259.21,68830.06,32010.38431,47.346536108495,88.49306274712553,83.03959796632365,-845.4250429650128,-1567.9339306018785,722.5088876368657,-2480.261815904567,-3265.7635247461108,785.5017088415439,67194.83872896736,67116.10283559088,68461.64726664133,74776.96334315435,90001.7982417148,3454.3484656299,70181.51286471619,67300.17399999997,64418.835135283756,48.64572416835622
2026-03-03,68830.06,69258.08,66158.0,68338.0,24972.2418,46.27288982035348,88.77399031715578,84.80511055663011,-610.135677991304,-1376.3742800797636,766.2386020884596,-2210.0082658772153,-3054.6124729723315,844.6042070951162,67575.89248597824,67338.26595639254,68449.87133648501,74524.45497675614,89786.2380602052,3429.043575227765,70277.10195295645,67362.94799999997,64448.794047043506,46.84195924784026
2026-03-04,68338.01,74050.0,67400.0,72666.77,44919.0761,55.774134253142805,97.85010444543627,91.70571916990583,48.57303552117082,-1091.3848169595767,1139.9578524807475,-1627.7708888942143,-2769.244156156708,1141.4732672624937,69272.85165731882,68307.08487341208,68851.48073301025,74451.6045855108,89615.89509443201,3659.1118912829247,71353.03634795523,67682.67799999999,64012.31965204474,43.73001023600363
2026-03-05,72666.77,73558.15,70645.47,70890.72,26590.51253,51.73190586121616,92.47639120285743,93.03349532181647,305.43836744285363,-812.0201800790906,1117.4585475219442,-1294.7311104728433,-2474.341547019935,1179.610436547092,69812.14110487922,68776.83671460989,69045.69399653308,74311.96205274567,89429.57494423866,3605.795327619858,71685.02531026781,67784.51599999997,63884.00668973214,40.84034329644105
2026-03-06,70891.02,71419.98,67744.78,68114.02,22629.88722,46.10586779069925,81.77335355211783,90.69994973347049,166.9603656246909,-616.2240709383343,783.1844365630252,-1240.5508725589752,-2227.583412127743,987.0325395687678,69246.10073658614,68656.32458468081,68956.9631397204,74068.9055016576,89217.47987016663,3610.7528042184395,71490.56530044155,67699.06949999998,63907.57369955841,38.66106216344199
2026-03-07,68114.02,68551.04,66915.26,67262.91,12719.54315,44.50806094182728,66.79630587569373,80.34868354355632,-27.467768116868683,-498.47281037404116,471.0050422571725,-1251.859451144308,-2032.438619931056,780.5791687867481,68585.0371577241,68402.97647837522,68795.62474546132,73802.00371727887,88999.02643862268,3469.6833182028363,71379.82522846622,67620.58599999998,63861.34677153374,36.88716946590676
2026-03-08,67262.91,68200.0,65618.49,65971.2,21593.63901,42.12221035651947,54.02123653674277,67.53029865485144,-304.7323354414839,-459.7247153875297,154.99237994604584,-1349.495637202388,-1895.8500233853224,546.3543861829344,67713.7581051494,67960.83530048882,68526.63191256025,73494.9133754248,88769.89383724335,3406.242366902633,71251.70878634992,67474.52449999997,63697.340213650015,35.61912503339484
2026-03-09,65971.2,69516.65,65821.97,68432.16,28896.7213,47.85708692516771,56.34929634463138,59.05561291902262,-215.45716382784303,-410.8712050755924,195.41404124774937,-1214.2964594735095,-1759.5393106029599,545.2428511294504,67953.22540343294,68046.53070039995,68517.63458755451,73296.37402736893,88567.528326425,3426.845054981016,71321.18575794242,67520.95649999997,63720.72724205751,33.904684799274385
2026-03-10,68432.16,71777.0,68391.41,69948.63,32602.57726,51.074184011462854,62.29714173407397,57.555891538482705,20.080539110669633,-324.68085623833997,344.7613953490096,-973.5610756748356,-1602.343663617335,628.7825879424995,68618.3602689553,68392.36693669087,68653.91986493027,73165.08994786427,88382.26565651032,3423.8982653395146,71603.55050073541,67695.33799999996,63787.12549926451,31.486073379095618
2026-03-11,69948.64,71321.0,68977.91,70191.86,27249.27542,51.590090685452274,72.40784437697066,63.684760818558665,209.45115992962383,-217.8544530047472,427.305612934371,-754.4530561667489,-1432.765542127218,678.3124859604691,69142.86017930353,68719.54749365617,68800.39035398453,73048.49269500685,88201.26659525151,3346.6976749581204,71894.96025118079,67854.74449999997,63814.528748819146,29.240219917501047
2026-03-12,70191.86,70800.0,69205.91,70541.34,21997.1605,52.36728264161845,76.38772244882063,70.36423618662175,374.0335358061857,-99.4768552425606,473.51039104874627,-546.3107268522581,-1255.4745790722259,709.1638522199678,69609.0201195357,69050.7824948096,68966.19508217648,72950.17298147717,88025.54593261219,3221.5114124611114,72187.69450271639,67980.81099999997,63773.927497283556,27.15478456030609
2026-03-13,70541.34,73913.74,70386.01,70930.0,35996.61678,53.26587017952855,80.36628058047874,76.38728246875668,521.7679305898346,24.77210192391844,496.9958286659161,-346.0062725249154,-1073.5809177627639,727.5746452378485,70049.34674635713,69392.45840484422,69153.2241219692,72870.95051161532,87855.44099795933,3243.3841687138897,72527.39411832235,68128.51449999998,63729.6348816776,26.306135632043283
2026-03-14,70930.01,71307.92,70317.0,71211.95,13017.24737,53.94463942438772,84.72048709396178,80.49149670775371,642.3499089442048,148.28766332797574,494.06224561622906,-162.63775392060052,-891.3922849943312,728.7545310737307,70436.88116423809,69723.27505850891,69349.29325321023,72805.89166802255,87689.83412235774,3082.493870948612,72897.93797978175,68306.94199999998,63715.94602021821,25.488269932090798
2026-03-15,71211.95,73081.77,70858.82,72848.91,12696.10666,57.77879127963257,91.26548241952655,85.45075003132236,891.739180178236,296.9779666980278,594.7612134802082,113.46416525852692,-690.4209949437596,803.8851602022866,71240.89077615873,70291.57232059819,69682.59008623782,72807.57866143344,87542.16323556812,3021.0978801665683,73392.70219504459,68716.58649999998,64040.47080495537,25.283220572827084
